Quadrant,Count,Percentage,CDI_mean,ESI_mean,Population_sum,Description
I,1484,30.6%,0.3737785188006937,1.2539052299292452,2481164,High Demand - High Supply
II,895,18.4%,0.13071276679884097,1.4776626690545707,1113762,Low Demand - High Supply
III,1142,23.5%,0.38030480661262206,0.5318036233043724,1991399,High Demand - Low Supply (CRITICAL)
IV,1336,27.5%,0.10865097447967371,0.43019282663264913,1413614,Low Demand - Low Supply
